Student_ID,Course_Grade_Point,Overall_Grade,Warning
10001880,10.6375,D2,
10001916,7.406,E2,
10001931,11.200999999999999,D1,
10000628,9.1655,D3,
10000634,13.006499999999999,C2,
10000662,9.096499999999999,D3,
10000663,8.498499999999998,E1,
10000665,12.903,C3,
10000673,8.8895,E1,
10001222,6.853999999999999,E3,
10001231,12.948999999999998,C3,
10001246,12.0405,C3,
10001250,7.037999999999999,E2,
