Student_ID,Course_Grade_Point,Overall_Grade,Warning
10001905,11.362,D1,
10001916,9.292,D3,
10000628,6.117999999999999,E3,
10000635,13.316999999999998,C2,
10000656,6.646999999999999,E3,
10000662,7.210499999999999,E2,
10000663,9.912999999999998,D3,
10000703,11.661,D1,
10001222,5.818999999999999,F1,
