Student_ID,Course_Grade_Point,Overall_Grade,Warning
10000120,14.6625,C1,
10000129,9.901499999999999,D3,
10000132,8.763,E1,
10000148,3.7144999999999997,F3,
10000151,11.8565,D1,
10000161,8.831999999999999,E1,
10000165,3.9675,F3,
10000183,8.395,E1,
10000653,3.3234999999999997,F3,
10000661,13.937999999999999,C2,
10001247,10.556999999999999,D2,
