Student_ID,Course_Grade_Point,Overall_Grade,Warning
10000131,4.6114999999999995,F2,
10000142,10.051,D2,
10000166,8.2685,E1,
10000176,2.8979999999999997,G1,
10000704,8.6365,E1,
