Student_ID,Course_Grade_Point,Overall_Grade,Warning
10002170,7.233499999999999,E2,
10002183,2.0124999999999997,G1,
10002194,7.084,E2,
10002196,8.2685,E1,
10002201,9.154,D3,
10002208,13.524,C2,
10002212,12.029,C3,
10002219,6.7505,E3,
10002222,4.6805,F2,
10002251,14.087499999999999,C1,
10002252,4.944999999999999,F2,
10002259,4.7955,F2,
10002262,14.846499999999999,C1,
