Student_ID,Course_Grade_Point,Overall_Grade,Warning
10002169,11.385,D1,
10002170,2.231,G1,
10002183,6.5895,E3,
10002186,10.556999999999999,D2,
10002194,4.6345,F2,
10002196,9.510499999999999,D3,
10002201,7.244999999999999,E2,
10002208,14.536,C1,
10002214,10.994,D2,
10002220,14.225499999999998,C1,
10002222,5.888,F1,
10002252,7.452,E2,
10002259,9.154,D3,
10002266,8.728499999999999,E1,
10002268,13.4895,C2,
