Student_ID,Course_Grade_Point,Overall_Grade,Warning
10002241,7.4635,E2,
10001560,9.820999999999998,D3,
10001572,12.408499999999998,C3,
10001581,4.9795,F2,
10001589,10.142999999999999,D2,
10001595,2.7369999999999997,G1,
10001596,0.5405,G2,
10001602,7.520999999999999,E2,
10001626,14.306,C1,
10001633,13.052499999999998,C2,
10001634,11.568999999999999,D1,
10001641,13.661999999999999,C2,
10001654,10.936499999999999,D2,
10001660,2.5645,G1,
10001669,7.555499999999999,E2,
