Student_ID,Course_Grade_Point,Overall_Grade,Warning
10002226,4.910499999999999,F2,
10001611,7.578499999999999,E2,
