Student_ID,Course_Grade_Point,Overall_Grade,Warning
10001222,5.473999999999999,F1,
10001250,3.7144999999999997,F3,
10001272,9.429999999999998,D3,
10001276,12.500499999999999,C3,
10001298,11.684,D1,
10000628,6.669999999999999,E3,
10000629,12.8455,C3,
10000642,14.927,C1,
10000657,13.478,C2,
10000662,8.28,E1,
10000663,4.174499999999999,F2,
10000678,16.192,B2,
10000692,11.5,D1,
10000701,13.087,C2,
