Student_ID,Course_Grade_Point,Overall_Grade,Warning
10001222,3.0704999999999996,F3,
10001250,3.7719999999999994,F3,
10000625,15.064999999999998,B3,
10000628,4.7379999999999995,F2,
10000656,7.911999999999999,E2,
10000657,12.005999999999998,C3,
10000663,6.0375,E3,
