Student_ID,Course_Grade_Point,Overall_Grade,Warning
10001238,8.2915,E1,
10001241,13.788499999999999,C2,
10001250,13.4665,C2,
10001298,13.0985,C2,
10001309,13.9725,C2,
10000628,11.603499999999999,D1,
10000654,12.42,C3,
10000656,3.1165,F3,
10000662,6.865499999999999,E3,
10000663,10.3385,D2,
