Student_ID,Course_Grade_Point,Overall_Grade,Warning
10001290,12.385499999999999,C3,
10001291,12.638499999999999,C3,
10000129,10.844499999999998,D2,
10000131,9.959,D3,
10000132,3.082,F3,
10000142,3.542,F3,
10000145,10.373,D2,
10000148,2.1505,G1,
10000160,4.5424999999999995,F2,
10000161,4.9334999999999996,F2,
10000165,1.4489999999999998,G1,
10000166,1.2535,G1,
10000176,13.179,C2,
10000179,12.0865,C3,
10000183,9.131,D3,
10000184,13.454999999999998,C2,
10000704,2.3114999999999997,G1,
