Student_ID,Course_Grade_Point,Overall_Grade,Warning
10001284,14.685499999999998,C1,
10000129,8.348999999999998,E1,
10000131,5.772999999999999,F1,
10000132,5.8305,F1,
10000138,16.076999999999998,B2,
10000162,14.5705,C1,
10000166,6.865499999999999,E3,
10000176,6.6125,E3,
10000183,8.6595,E1,
10000653,6.393999999999999,E3,
