Student_ID,Course_Grade_Point,Overall_Grade,Warning
10000129,7.843,E2,
10000132,11.017,D1,
10000142,7.7395,E2,
10000154,11.937,D1,
10000161,7.4864999999999995,E2,
10000165,5.485499999999999,F1,
10000176,1.4949999999999999,G1,
10000180,11.3965,D1,
10000183,3.1739999999999995,F3,
10000693,13.616,C2,
10000704,4.162999999999999,F2,
