Student_ID,Course_Grade_Point,Overall_Grade,Warning
10000120,13.2135,C2,
10000129,4.968,F2,
10000142,9.2115,D3,
10000148,7.578499999999999,E2,
10000155,12.857,C3,
10000156,10.487999999999998,D2,
10000160,4.8759999999999994,F2,
10000161,4.174499999999999,F2,
10000165,3.3234999999999997,F3,
10000166,9.9475,D3,
10000176,6.4055,E3,
10000183,6.186999999999999,E3,
10000704,8.8895,E1,
