Student_ID,Course_Grade_Point,Overall_Grade,Warning
10000131,11.0285,D1,
10000132,1.8744999999999998,G1,
10000134,9.4415,D3,
10000148,6.819499999999999,E3,
10000160,10.212,D2,
10000161,9.982,D3,
10000165,7.981,E2,
10000166,4.093999999999999,F2,
10000176,9.8325,D3,
10000183,10.131499999999999,D2,
10000653,3.105,F3,
10000693,11.937,D1,
10000702,10.154499999999999,D2,
10000704,6.3134999999999994,E3,
