Student_ID,Course_Grade_Point,Overall_Grade,Warning
10001268,11.913999999999998,D1,
10000129,7.969499999999999,E2,
10000131,4.6114999999999995,F2,
10000132,8.049999999999999,E1,
10000142,6.819499999999999,E3,
10000148,6.485999999999999,E3,
10000160,6.9575,E3,
10000161,7.175999999999999,E2,
10000166,8.693999999999999,E1,
10000176,5.335999999999999,F1,
10000180,11.2815,D1,
10000183,6.0145,E3,
10000653,12.144,C3,
10000704,10.533999999999999,D2,
