Student_ID,Course_Grade_Point,Overall_Grade,Warning
10000001,10.3615,D2,
10000005,11.2815,D1,
10000007,1.9204999999999999,G1,
10000012,12.2245,C3,
10000116,7.244999999999999,E2,
10000143,8.2225,E1,
10000633,9.222999999999999,D3,
10000698,0.3795,G3,
