Student_ID,Course_Grade_Point,Overall_Grade,Warning
10000007,10.522499999999999,D2,
10000116,9.027499999999998,D3,
10000125,11.4655,D1,
10000143,9.729000000000001,D3,
10000698,9.3725,D3,
