Student_ID,Course_Grade_Point,Overall_Grade,Warning
10000007,5.681,F1,
10000012,12.408499999999998,C3,
10000143,6.819499999999999,E3,
10000622,6.485999999999999,E3,
10000698,9.9245,D3,
