Student_ID,Course_Grade_Point,Overall_Grade,Warning
10001559,9.418499999999998,D3,
10001560,7.624499999999999,E2,
10001569,12.328,C3,
10001581,6.7044999999999995,E3,
10001595,7.6705,E2,
10001596,2.2194999999999996,G1,
10001602,4.646,F2,
10001626,13.3745,C2,
10001630,11.154999999999998,D1,
10001654,12.580999999999998,C3,
10001660,9.0735,D3,
10001669,11.109,D1,
10001672,12.857,C3,
10001678,9.706,D3,
