Student_ID,Course_Grade_Point,Overall_Grade,Warning
10001560,11.718499999999999,D1,
10001568,16.295499999999997,B2,
10001570,9.521999999999998,D3,
10001572,13.075499999999998,C2,
10001581,4.6575,F2,
10001595,7.198999999999999,E2,
10001602,6.290499999999999,E3,
10001634,5.1865,F1,
10001641,10.947999999999999,D2,
10001644,5.220999999999999,F1,
10001647,11.776,D1,
10001650,15.444499999999998,B3,
10001654,10.096999999999998,D2,
10001660,5.5085,F1,
10001669,2.5414999999999996,G1,
