Student_ID,Course_Grade_Point,Overall_Grade,Warning
10001562,13.696499999999999,C2,
10001577,7.762499999999999,E2,
10001635,9.774999999999999,D3,
10001637,13.408999999999999,C2,
10001640,10.970999999999998,D2,
10001677,13.696499999999999,C2,
