Student_ID,Course_Grade_Point,Overall_Grade,Warning
10001447,13.7655,C2,
10001453,8.2225,E1,
10001455,4.6114999999999995,F2,
10001469,7.727999999999999,E2,
10001474,2.2885,G1,
10001482,5.807499999999999,F1,
10001488,15.651499999999999,B3,
10001523,14.168,C1,
10001531,7.797,E2,
10001546,10.108499999999998,D2,
10001548,10.7525,D2,
