Student_ID,Course_Grade_Point,Overall_Grade,Warning
10001438,7.797,E2,
10001445,14.397999999999998,C1,
10001453,7.1645,E2,
10001469,0.9774999999999999,G2,
10001474,3.9559999999999995,F3,
10001482,3.5074999999999994,F3,
10001500,15.019,B3,
10001502,12.0865,C3,
10001523,11.8105,D1,
10001531,1.8285,G1,
10001534,9.786499999999998,D3,
10001538,14.593499999999999,C1,
10001545,12.120999999999999,C3,
10001546,9.315,D3,
10001548,14.168,C1,
