Student_ID,Course_Grade_Point,Overall_Grade,Warning
10002447,12.7995,C3,
10002472,9.7405,D3,
10001225,1.1615,G1,
10001232,10.5915,D2,
10001248,12.649999999999999,C3,
10001259,5.577499999999999,F1,
10001283,5.2095,F1,
10001288,11.8565,D1,
10001294,9.866999999999999,D3,
10001297,4.232,F2,
10001299,5.152,F1,
10001300,4.7725,F2,
10001305,10.7985,D2,
10001311,1.656,G1,
