Student_ID,Course_Grade_Point,Overall_Grade,Warning
10000626,12.672999999999998,C3,
10000628,5.864999999999999,F1,
10000649,9.361,D3,
10000656,0.368,G3,
10000662,2.3574999999999995,G1,
10000663,6.911499999999999,E3,
10000678,13.822999999999999,C2,
10001222,7.819999999999999,E2,
10001905,3.6685,F3,
10001916,2.0469999999999997,G1,
