Student_ID,Course_Grade_Point,Overall_Grade,Warning
10000623,15.110999999999999,B3,
10000628,10.970999999999998,D2,
10000634,13.983999999999998,C2,
10000662,7.014999999999999,E2,
10000663,5.048499999999999,F1,
10000667,11.637999999999998,D1,
10000690,12.2245,C3,
10001250,13.167499999999999,C2,
10001905,4.232,F2,
10001916,8.866499999999998,E1,
