Student_ID,Course_Grade_Point,Overall_Grade,Warning
10001611,11.200999999999999,D1,
10002226,6.117999999999999,E3,
