Student_ID,Course_Grade_Point,Overall_Grade,Warning
10002597,10.649,D2,
10002602,13.386,C2,
10002623,13.478,C2,
10002630,4.7265,F2,
10002635,3.404,F3,
10002636,11.2815,D1,
10002638,8.395,E1,
10002641,6.382499999999999,E3,
10002651,14.029999999999998,C1,
