Student_ID,Course_Grade_Point,Overall_Grade,Warning
10000116,7.4635,E2,
10000143,9.613999999999999,D3,
10000007,0.9774999999999999,G2,
10000016,10.7985,D2,
