Student_ID,Course_Grade_Point,Overall_Grade,Warning
10000116,7.106999999999999,E2,
10000143,3.7144999999999997,F3,
10000001,11.994499999999999,D1,
10000007,8.763,E1,
