Student_ID,Course_Grade_Point,Overall_Grade,Warning
10000115,15.938999999999998,B3,
10000119,3.7489999999999997,F3,
10000147,3.3579999999999997,F3,
