Student_ID,Course_Grade_Point,Overall_Grade,Warning
10000234,5.3475,F1,
10000298,11.603499999999999,D1,
10000398,12.8455,C3,
10000040,12.787999999999998,C3,
10000077,8.038499999999999,E1,
