Student_ID,Course_Grade_Point,Overall_Grade,Warning
10000234,8.348999999999998,E1,
10000272,13.6045,C2,
10000025,3.3579999999999997,F3,
10000063,8.8435,E1,
10000077,8.728499999999999,E1,
