Student_ID,Course_Grade_Point,Overall_Grade,Warning
10000234,6.4975,E3,
10000235,12.7075,C3,
10000025,1.3109999999999997,G1,
10000077,9.533499999999998,D3,
