Student_ID,Course_Grade_Point,Overall_Grade,Warning
10000001,11.3965,D1,
10000007,5.3015,F1,
10000012,11.591999999999999,D1,
10000034,8.993,E1,
10000039,6.715999999999999,E3,
10000054,8.877999999999998,E1,
10000061,5.335999999999999,F1,
10000072,4.3125,F2,
