Student_ID,Course_Grade_Point,Overall_Grade,Warning
10000007,10.913499999999999,D2,
10000029,12.753499999999999,C3,
10000034,5.807499999999999,F1,
10000039,11.580499999999999,D1,
10000041,12.270499999999998,C3,
10000049,9.9475,D3,
10000054,3.9444999999999997,F3,
10000055,13.9035,C2,
10000056,10.683499999999999,D2,
10000061,4.760999999999999,F2,
10000062,15.087999999999997,B3,
10000072,3.5189999999999997,F3,
10000073,8.705499999999999,E1,
