Student_ID,Course_Grade_Point,Overall_Grade,Warning
10000005,12.4775,C3,
10000007,6.198499999999999,E3,
10000039,8.924,E1,
10000041,13.202,C2,
10000054,1.6789999999999998,G1,
10000061,5.6465,F1,
10000072,6.106499999999999,E3,
10000073,6.5665,E3,
