Student_ID,Course_Grade_Point,Overall_Grade,Warning
10000001,10.074,D2,
10000033,10.924999999999999,D2,
10000034,9.4645,D3,
10000038,13.017999999999999,C2,
10000039,10.074,D2,
10000049,12.247499999999999,C3,
10000054,7.13,E2,
10000055,12.235999999999999,C3,
10000061,7.9925,E2,
10000072,10.131499999999999,D2,
10000073,3.2544999999999997,F3,
