Student_ID,Course_Grade_Point,Overall_Grade,Warning
10002859,6.2675,E3,
10001882,9.269,D3,
10001883,3.9444999999999997,F3,
10001894,3.5189999999999997,F3,
10001898,4.898999999999999,F2,
10001902,10.028,D2,
10001913,6.681499999999999,E3,
10001939,11.684,D1,
10001942,10.913499999999999,D2,
10001943,16.4565,B2,
10001954,7.5095,E2,
