Student_ID,Course_Grade_Point,Overall_Grade,Warning
10002859,6.8885,E3,
10001882,8.9355,E1,
10001883,11.246999999999998,D1,
10001888,5.7385,F1,
10001894,7.888999999999999,E2,
10001898,6.417,E3,
10001902,3.2314999999999996,F3,
10001913,11.017,D1,
10001942,8.6595,E1,
10001945,16.398999999999997,B2,
10001954,7.233499999999999,E2,
