Student_ID,Course_Grade_Point,Overall_Grade,Warning
10002859,7.969499999999999,E2,
10001882,1.035,G1,
10001883,5.3245,F1,
10001888,9.901499999999999,D3,
10001894,2.3689999999999998,G1,
10001898,3.4385,F3,
10001902,8.0845,E1,
10001913,5.152,F1,
10001917,10.8905,D2,
10001932,13.075499999999998,C2,
10001942,7.084,E2,
10001954,11.385,D1,
