Student_ID,Course_Grade_Point,Overall_Grade,Warning
10002859,3.128,F3,
10001882,5.543,F1,
10001883,10.487999999999998,D2,
10001888,9.0505,D3,
10001894,7.244999999999999,E2,
10001898,9.637,D3,
10001902,9.292,D3,
10001942,5.232499999999999,F1,
10001954,8.969999999999999,E1,
