Student_ID,Course_Grade_Point,Overall_Grade,Warning
10001225,5.8995,F1,
10001232,6.4055,E3,
10001259,6.4975,E3,
10001271,2.116,G1,
10001294,1.8054999999999999,G1,
10001296,7.13,E2,
10001297,2.1849999999999996,G1,
10001299,4.7379999999999995,F2,
10001300,8.061499999999999,E1,
10001311,4.6345,F2,
10002447,6.773499999999999,E3,
10002472,1.6789999999999998,G1,
