Student_ID,Course_Grade_Point,Overall_Grade,Warning
10001225,8.440999999999999,E1,
10001232,4.7955,F2,
10001248,6.140999999999999,E3,
10001259,0.21849999999999997,G3,
10001269,11.971499999999999,D1,
10001271,11.776,D1,
10001282,12.580999999999998,C3,
10001283,8.5445,E1,
10001285,7.7395,E2,
10001294,8.0155,E1,
10001296,8.854999999999999,E1,
10001297,2.9784999999999995,G1,
10001300,7.084,E2,
10001301,15.3065,B3,
10001308,10.787,D2,
10001311,2.76,G1,
10001918,13.167499999999999,C2,
