Student_ID,Course_Grade_Point,Overall_Grade,Warning
10002447,6.324999999999999,E3,
10002472,5.048499999999999,F1,
