Student_ID,Course_Grade_Point,Overall_Grade,Warning
10003072,6.8999999999999995,E3,
10003190,10.603,D2,
10002663,7.831499999999999,E2,
10002668,9.361,D3,
10002697,6.3134999999999994,E3,
10002698,12.19,C3,
10002699,7.13,E2,
10002703,3.2659999999999996,F3,
10002704,1.472,G1,
10002705,12.2245,C3,
10002706,14.6625,C1,
10002719,3.0475,F3,
