Student_ID,Course_Grade_Point,Overall_Grade,Warning
10003021,8.7975,E1,
10003072,3.3695,F3,
10002663,7.475,E2,
10002697,3.7375,F3,
10002698,8.372,E1,
10002699,11.177999999999999,D1,
10002703,2.5185,G1,
10002704,8.8205,E1,
10002719,3.5074999999999994,F3,
