Student_ID,Course_Grade_Point,Overall_Grade,Warning
10003181,10.004999999999999,D2,
10002169,10.142999999999999,D2,
10002170,4.048,F2,
10002183,4.462,F2,
10002194,6.106499999999999,E3,
10002195,10.809999999999999,D2,
10002196,4.5655,F2,
10002201,8.877999999999998,E1,
10002207,8.027,E1,
10002219,3.7489999999999997,F3,
10002220,14.731499999999999,C1,
10002222,10.453499999999998,D2,
10002252,11.1205,D1,
10002259,6.7505,E3,
10002718,12.4545,C3,
10002725,8.165,E1,
