Student_ID,Course_Grade_Point,Overall_Grade,Warning
10003118,1.5984999999999998,G1,
10002628,4.0249999999999995,F2,
10002630,10.683499999999999,D2,
10002635,9.982,D3,
10002636,11.212499999999999,D1,
10002638,7.302499999999999,E2,
10002641,3.5994999999999995,F3,
10002645,13.730999999999998,C2,
10002656,12.569499999999998,C3,
