Student_ID,Course_Grade_Point,Overall_Grade,Warning
10003127,11.7875,D1,
10002053,9.418499999999998,D3,
10002081,3.381,F3,
10002091,12.776499999999999,C3,
10002093,14.168,C1,
10002095,11.017,D1,
10002100,6.946,E3,
10002106,7.819999999999999,E2,
10002111,7.797,E2,
10002117,9.429999999999998,D3,
10002125,5.5889999999999995,F1,
10002126,9.131,D3,
10002130,13.995499999999998,C2,
10002643,12.672999999999998,C3,
