Student_ID,Course_Grade_Point,Overall_Grade,Warning
10000645,9.245999999999999,D3,
10000653,3.5304999999999995,F3,
10000704,5.807499999999999,F1,
10000124,16.744,B2,
10000129,3.565,F3,
10000132,10.051,D2,
10000142,10.7985,D2,
10000148,6.9345,E3,
10000160,9.786499999999998,D3,
10000161,6.2444999999999995,E3,
10000165,11.753,D1,
10000176,6.5665,E3,
10000183,5.359,F1,
