Student_ID,Course_Grade_Point,Overall_Grade,Warning
10000653,2.5989999999999998,G1,
10000129,9.1885,D3,
10000131,4.2435,F2,
10000132,6.256,E3,
10000142,8.142,E1,
10000148,4.255,F2,
10000160,5.727,F1,
10000161,10.453499999999998,D2,
10000165,4.5195,F2,
10000166,7.7509999999999994,E2,
10000174,13.454999999999998,C2,
10000176,12.558,C3,
10000183,7.187499999999999,E2,
