Student_ID,Course_Grade_Point,Overall_Grade,Warning
10000622,3.5304999999999995,F3,
10000001,16.398999999999997,B2,
10000007,7.819999999999999,E2,
10000143,11.0975,D1,
