Student_ID,Course_Grade_Point,Overall_Grade,Warning
10000698,3.5304999999999995,F3,
10000007,7.762499999999999,E2,
10000116,5.9799999999999995,F1,
10000143,7.084,E2,
