Student_ID,Course_Grade_Point,Overall_Grade,Warning
10000622,3.2314999999999996,F3,
10000698,8.452499999999999,E1,
10000700,8.2225,E1,
10000007,1.9089999999999998,G1,
10000012,11.867999999999999,D1,
10000116,9.5795,D3,
10000143,9.6485,D3,
