Student_ID,Course_Grade_Point,Overall_Grade,Warning
10000622,2.3345,G1,
10000683,10.844499999999998,D2,
10000698,11.212499999999999,D1,
10000001,14.628,C1,
10000007,5.451,F1,
10000015,13.9725,C2,
10000116,9.510499999999999,D3,
10000143,5.991499999999999,F1,
