Student_ID,Course_Grade_Point,Overall_Grade,Warning
10000622,3.9789999999999996,F3,
10000016,9.901499999999999,D3,
10000116,8.418,E1,
10000143,7.543999999999999,E2,
10000150,11.7875,D1,
