Student_ID,Course_Grade_Point,Overall_Grade,Warning
10000119,8.302999999999999,E1,
10000147,6.853999999999999,E3,
