Student_ID,Course_Grade_Point,Overall_Grade,Warning
10000025,6.0489999999999995,E3,
10000077,9.498999999999999,D3,
10000234,6.968999999999999,E3,
