Student_ID,Course_Grade_Point,Overall_Grade,Warning
10000025,6.7965,E3,
10000077,6.152499999999999,E3,
10000234,5.106,F1,
10000403,12.488999999999999,C3,
