Student_ID,Course_Grade_Point,Overall_Grade,Warning
10000119,6.117999999999999,E3,
10000147,7.543999999999999,E2,
