Student_ID,Course_Grade_Point,Overall_Grade,Warning
10000018,12.626999999999999,C3,
10000025,4.0825,F2,
10000077,2.9784999999999995,G1,
10000234,6.555,E3,
