Student_ID,Course_Grade_Point,Overall_Grade,Warning
10002467,11.327499999999999,D1,
10001882,5.2555,F1,
10001888,6.635499999999999,E3,
10001894,7.6475,E2,
10001902,2.2079999999999997,G1,
10001913,6.0489999999999995,E3,
10001942,4.1975,F2,
10001954,11.246999999999998,D1,
