Student_ID,Course_Grade_Point,Overall_Grade,Warning
10002516,5.243999999999999,F1,
10002531,5.2669999999999995,F1,
10001882,3.933,F3,
10001888,10.718,D2,
10001894,4.646,F2,
10001898,10.832999999999998,D2,
10001902,9.131,D3,
10001913,5.5889999999999995,F1,
10001942,6.0489999999999995,E3,
10001954,1.6444999999999999,G1,
10001974,12.42,C3,
10001989,6.417,E3,
10002004,3.1395,F3,
10002006,4.922,F2,
10002009,6.658499999999999,E3,
10002037,7.497999999999999,E2,
10002049,7.4635,E2,
