Student_ID,Course_Grade_Point,Overall_Grade,Warning
10002470,14.5245,C1,
10001882,9.844,D3,
10001883,4.5424999999999995,F2,
10001888,3.9789999999999996,F3,
10001894,7.302499999999999,E2,
10001898,7.4635,E2,
10001913,8.348999999999998,E1,
10001932,12.983499999999998,C3,
10001942,5.3015,F1,
10001954,6.140999999999999,E3,
