Student_ID,Course_Grade_Point,Overall_Grade,Warning
10001882,3.933,F3,
10001883,7.520999999999999,E2,
10001894,3.9905,F3,
10001898,2.76,G1,
10001902,8.061499999999999,E1,
10001913,8.7745,E1,
10001917,13.443499999999998,C2,
10001932,13.501,C2,
10001942,5.140499999999999,F1,
10001943,8.6825,E1,
10001954,5.8534999999999995,F1,
