Student_ID,Course_Grade_Point,Overall_Grade,Warning
10002447,7.900499999999999,E2,
10002472,4.853,F2,
10001225,10.6145,D2,
10001232,10.373,D2,
10001237,12.7995,C3,
10001248,2.4034999999999997,G1,
10001271,3.9215,F3,
10001285,8.866499999999998,E1,
10001286,16.4565,B2,
10001294,2.76,G1,
10001296,4.0135,F2,
10001299,7.394499999999999,E2,
10001300,4.3469999999999995,F2,
10001311,8.096,E1,
