Student_ID,Course_Grade_Point,Overall_Grade,Warning
10000656,4.358499999999999,F2,
10001246,12.937499999999998,C3,
