Student_ID,Course_Grade_Point,Overall_Grade,Warning
10002663,1.6329999999999998,G1,
10002698,5.8305,F1,
10002699,0.8624999999999999,G2,
10002703,10.188999999999998,D2,
10002704,3.7375,F3,
10002719,3.013,F3,
