Student_ID,Course_Grade_Point,Overall_Grade,Warning
10002663,5.681,F1,
10002677,13.351499999999998,C2,
10002697,4.3125,F2,
10002698,6.773499999999999,E3,
10002703,12.776499999999999,C3,
10002719,1.288,G1,
10002728,12.396999999999998,C3,
