Student_ID,Course_Grade_Point,Overall_Grade,Warning
10002663,9.039,D3,
10002664,10.12,D2,
10002697,8.418,E1,
10002699,2.4379999999999997,G1,
10002703,13.017999999999999,C2,
10002704,5.566,F1,
