Student_ID,Course_Grade_Point,Overall_Grade,Warning
10002628,9.7405,D3,
10002630,7.3255,E2,
10002635,1.541,G1,
10002636,13.673499999999999,C2,
10002638,9.613999999999999,D3,
10002641,9.5795,D3,
10002656,11.879499999999998,D1,
