Student_ID,Course_Grade_Point,Overall_Grade,Warning
10001535,5.278499999999999,F1,
10002072,7.6819999999999995,E2,
10002082,2.5875,G1,
10002127,13.673499999999999,C2,
10002136,6.1754999999999995,E3,
10002155,0.33349999999999996,G3,
