Student_ID,Course_Grade_Point,Overall_Grade,Warning
10001535,9.4415,D3,
10002070,8.418,E1,
10002072,5.3935,F1,
10002082,8.716999999999999,E1,
10002136,9.8555,D3,
10002146,13.029499999999999,C2,
10002155,8.6365,E1,
