Student_ID,Course_Grade_Point,Overall_Grade,Warning
10002428,11.591999999999999,D1,
10002436,2.7485,G1,
10002453,14.26,C1,
10002459,7.969499999999999,E2,
10002466,4.944999999999999,F2,
10002474,8.866499999999998,E1,
10002852,13.6045,C2,
10002881,6.520499999999999,E3,
10002883,9.717499999999998,D3,
10002884,2.9899999999999998,G1,
