Student_ID,Course_Grade_Point,Overall_Grade,Warning
10002426,12.9145,C3,
10002428,2.1849999999999996,G1,
10002436,8.1075,E1,
10002437,4.898999999999999,F2,
10002452,11.315999999999999,D1,
10002459,8.187999999999999,E1,
10002466,4.760999999999999,F2,
10002474,6.164,E3,
10002852,12.385499999999999,C3,
10002881,6.808,E3,
10002884,6.991999999999999,E3,
