Student_ID,Course_Grade_Point,Overall_Grade,Warning
10003507,10.487999999999998,D2,
10003528,10.35,D2,
10003536,2.0585,G1,
10003541,6.462999999999999,E3,
10003545,12.5465,C3,
10003551,13.650499999999997,C2,
10003552,7.187499999999999,E2,
10003663,6.5435,E3,
10003668,4.071,F2,
10003671,8.142,E1,
10003681,5.761499999999999,F1,
10003684,9.866999999999999,D3,
