Student_ID,Course_Grade_Point,Overall_Grade,Warning
10003555,13.5815,C2,
10003610,9.096499999999999,D3,
10003634,3.8754999999999997,F3,
