Student_ID,Course_Grade_Point,Overall_Grade,Warning
10002065,7.1415,E2,
10002081,2.7485,G1,
10002106,3.7719999999999994,F3,
10002111,6.129499999999999,E3,
10002117,6.842499999999999,E3,
10002125,5.8534999999999995,F1,
10002134,13.535499999999999,C2,
10002138,12.879999999999999,C3,
10002143,11.6495,D1,
10002151,11.522999999999998,D1,
10003127,10.235,D2,
