Student_ID,Course_Grade_Point,Overall_Grade,Warning
10002853,4.117,F2,
10002861,0.9315,G2,
10002863,3.2199999999999998,F3,
10002864,1.8054999999999999,G1,
10002871,4.1514999999999995,F2,
10002891,2.3574999999999995,G1,
10002899,12.167,C3,
10002903,6.8309999999999995,E3,
