Student_ID,Course_Grade_Point,Overall_Grade,Warning
10003375,5.2669999999999995,F1,
10002853,6.968999999999999,E3,
10002861,9.66,D3,
10002863,8.5215,E1,
10002864,10.775499999999997,D2,
10002866,5.6579999999999995,F1,
10002871,12.466,C3,
10002891,9.6945,D3,
10002900,11.879499999999998,D1,
10002903,3.5189999999999997,F3,
10002904,12.764999999999999,C3,
