Student_ID,Course_Grade_Point,Overall_Grade,Warning
10003375,7.3255,E2,
10002851,14.329,C1,
10002853,1.9204999999999999,G1,
10002861,6.462999999999999,E3,
10002863,3.7949999999999995,F3,
10002864,3.6685,F3,
10002866,1.1039999999999999,G1,
10002878,12.258999999999999,C3,
10002887,14.904,C1,
10002891,10.3155,D2,
10002903,9.0045,D3,
