Student_ID,Course_Grade_Point,Overall_Grade,Warning
10002170,2.852,G1,
10002183,12.109499999999999,C3,
10002194,11.522999999999998,D1,
10002196,11.442499999999999,D1,
10002201,4.83,F2,
10002207,4.2204999999999995,F2,
10002208,15.524999999999999,B3,
10002209,11.315999999999999,D1,
10002216,15.432999999999998,B3,
10002219,4.7265,F2,
10002222,11.431,D1,
10002252,4.898999999999999,F2,
10002259,4.393,F2,
10002681,7.4174999999999995,E2,
10002720,12.811,C3,
10002725,11.822,D1,
10003181,13.524,C2,
