Student_ID,Course_Grade_Point,Overall_Grade,Warning
10003024,11.890999999999998,D1,
10003072,3.4614999999999996,F3,
