Student_ID,Course_Grade_Point,Overall_Grade,Warning
10003118,7.888999999999999,E2,
10003139,16.3645,B2,
10003145,15.145499999999998,B3,
10002628,11.0055,D1,
10002635,5.4395,F1,
10002638,6.347999999999999,E3,
10002641,5.8534999999999995,F1,
10002644,9.786499999999998,D3,
10002649,13.075499999999998,C2,
10002650,13.788499999999999,C2,
