Student_ID,Course_Grade_Point,Overall_Grade,Warning
10003127,5.7155,F1,
10003137,10.8905,D2,
10002065,11.327499999999999,D1,
10002076,14.6625,C1,
10002081,8.1535,E1,
10002106,1.6329999999999998,G1,
10002111,3.8754999999999997,F3,
10002117,3.9215,F3,
10002126,8.348999999999998,E1,
10002129,11.109,D1,
10002153,14.6165,C1,
10002657,10.074,D2,
