Student_ID,Course_Grade_Point,Overall_Grade,Warning
10001279,12.0635,C3,
10000129,3.7144999999999997,F3,
10000131,6.7044999999999995,E3,
10000132,9.6025,D3,
10000142,12.0635,C3,
10000148,5.048499999999999,F1,
10000160,12.350999999999999,C3,
10000161,12.3395,C3,
10000165,6.4975,E3,
10000166,5.795999999999999,F1,
10000170,9.613999999999999,D3,
10000176,3.565,F3,
10000183,10.579999999999998,D2,
10000653,6.819499999999999,E3,
10000704,9.3725,D3,
