Student_ID,Course_Grade_Point,Overall_Grade,Warning
10001247,14.708499999999997,C1,
10001268,13.225,C2,
10000131,9.2805,D3,
10000132,3.6685,F3,
10000142,2.507,G1,
10000148,4.301,F2,
10000154,11.706999999999999,D1,
10000155,14.374999999999998,C1,
10000156,10.902,D2,
10000161,10.3155,D2,
10000162,15.203,B3,
10000165,5.3245,F1,
10000166,1.7594999999999998,G1,
10000176,2.093,G1,
10000183,8.452499999999999,E1,
10000653,8.6365,E1,
10000661,15.904499999999999,B3,
10000704,11.4655,D1,
