Student_ID,Course_Grade_Point,Overall_Grade,Warning
10000007,9.901499999999999,D3,
10000116,7.911999999999999,E2,
10000143,10.7985,D2,
10000622,5.864999999999999,F1,
10000698,4.83,F2,
