Student_ID,Course_Grade_Point,Overall_Grade,Warning
10001581,5.5085,F1,
10001595,9.683,D3,
10001596,8.072999999999999,E1,
10001597,12.029,C3,
10001602,7.371499999999999,E2,
10001630,16.744,B2,
10001644,2.9784999999999995,G1,
10001660,1.9894999999999998,G1,
10001669,13.179,C2,
