Student_ID,Course_Grade_Point,Overall_Grade,Warning
10001575,14.5475,C1,
10001577,5.611999999999999,F1,
10001635,5.175,F1,
10001640,6.991999999999999,E3,
