Student_ID,Course_Grade_Point,Overall_Grade,Warning
10000033,12.19,C3,
10000039,3.151,F3,
10000054,4.232,F2,
10000061,8.325999999999999,E1,
10000072,8.2225,E1,
10000073,2.4379999999999997,G1,
