Student_ID,Course_Grade_Point,Overall_Grade,Warning
10000021,10.235,D2,
10000032,9.6945,D3,
10000034,13.052499999999998,C2,
10000039,4.669,F2,
10000041,12.615499999999999,C3,
10000055,13.1905,C2,
10000061,5.1635,F1,
10000073,4.117,F2,
10000075,14.283,C1,
