Student_ID,Course_Grade_Point,Overall_Grade,Warning
10000001,14.0415,C1,
10000007,5.289999999999999,F1,
10000034,8.2225,E1,
10000039,6.669999999999999,E3,
10000054,6.681499999999999,E3,
10000061,8.498499999999998,E1,
10000072,11.626499999999998,D1,
10000073,3.1854999999999998,F3,
