Student_ID,Course_Grade_Point,Overall_Grade,Warning
10000007,5.842,F1,
10000012,13.478,C2,
10000034,7.014999999999999,E2,
10000037,11.327499999999999,D1,
10000039,4.0249999999999995,F2,
10000054,1.5755,G1,
10000061,7.406,E2,
10000072,1.5065,G1,
10000073,7.9925,E2,
