Student_ID,Course_Grade_Point,Overall_Grade,Warning
10000025,2.6334999999999997,G1,
10000077,2.4724999999999997,G1,
