Student_ID,Course_Grade_Point,Overall_Grade,Warning
10000025,6.5089999999999995,E3,
10000063,10.395999999999999,D2,
10000077,5.9799999999999995,F1,
