Student_ID,Course_Grade_Point,Overall_Grade,Warning
10000025,2.7944999999999998,G1,
10000077,11.143499999999998,D1,
