Student_ID,Course_Grade_Point,Overall_Grade,Warning
10000653,5.1865,F1,
10000704,2.07,G1,
10000129,4.427499999999999,F2,
10000131,4.6,F2,
10000132,9.395499999999998,D3,
10000142,5.9225,F1,
10000148,9.1655,D3,
10000160,11.235499999999998,D1,
10000161,6.186999999999999,E3,
10000165,11.8105,D1,
10000166,2.2655,G1,
10000170,13.926499999999999,C2,
10000176,3.0244999999999997,F3,
10000180,16.031,B2,
10000183,12.569499999999998,C3,
