Student_ID,Course_Grade_Point,Overall_Grade,Warning
10000622,11.890999999999998,D1,
10000683,10.0625,D2,
10000015,15.1915,B3,
10000116,12.362499999999999,C3,
