Student_ID,Course_Grade_Point,Overall_Grade,Warning
10000116,11.661,D1,
10000143,6.624,E3,
10000231,7.060999999999999,E2,
10000288,7.0954999999999995,E2,
10000332,9.763499999999999,D3,
10000379,3.8985,F3,
10000384,14.075999999999999,C1,
10000402,5.933999999999999,F1,
10000466,5.543,F1,
10000007,6.531999999999999,E3,
10000015,11.591999999999999,D1,
10000021,13.408999999999999,C2,
10000034,8.671,E1,
10000039,2.7944999999999998,G1,
10000054,8.648,E1,
10000072,4.093999999999999,F2,
