Student_ID,Course_Grade_Point,Overall_Grade,Warning
10000231,3.4269999999999996,F3,
10000248,6.7044999999999995,E3,
10000288,6.842499999999999,E3,
10000332,8.958499999999999,E1,
10000362,10.395999999999999,D2,
10000379,5.243999999999999,F1,
10000466,12.4545,C3,
10000021,13.420499999999999,C2,
10000061,10.476499999999998,D2,
10000072,7.6819999999999995,E2,
10000073,1.3569999999999998,G1,
