Student_ID,Course_Grade_Point,Overall_Grade,Warning
10000150,9.475999999999999,D3,
10000007,3.8409999999999997,F3,
10000015,13.707999999999998,C2,
