Student_ID,Course_Grade_Point,Overall_Grade,Warning
10000119,9.498999999999999,D3,
10000147,0.7934999999999999,G2,
