Student_ID,Course_Grade_Point,Overall_Grade,Warning
10001219,14.363499999999998,C1,
10001225,9.820999999999998,D3,
10001232,6.279,E3,
10001248,10.855999999999998,D2,
10001259,7.406,E2,
10001270,15.041999999999998,B3,
10001271,6.21,E3,
10001283,11.0055,D1,
10001294,5.451,F1,
10001296,10.545499999999999,D2,
10001297,5.5889999999999995,F1,
10001299,6.072,E3,
10001300,8.602,E1,
10001308,11.4195,D1,
10001311,7.268,E2,
