Student_ID,Course_Grade_Point,Overall_Grade,Warning
10001949,9.0505,D3,
10001225,7.923499999999999,E2,
10001232,5.175,F1,
10001259,5.335999999999999,F1,
10001266,13.2135,C2,
10001271,7.359999999999999,E2,
10001283,8.924,E1,
10001285,5.945499999999999,F1,
10001294,8.395,E1,
10001296,8.210999999999999,E1,
10001299,6.152499999999999,E3,
10001300,5.761499999999999,F1,
10001305,13.052499999999998,C2,
10001311,6.773499999999999,E3,
