Student_ID,Course_Grade_Point,Overall_Grade,Warning
10001880,12.466,C3,
10001905,8.302999999999999,E1,
10001916,8.004,E1,
10000626,13.4665,C2,
10000628,5.313,F1,
10000656,9.809499999999998,D3,
10000662,5.9225,F1,
10000663,3.3005,F3,
10000666,10.7065,D2,
10000703,11.568999999999999,D1,
10001222,6.991999999999999,E3,
10001250,9.418499999999998,D3,
