Student_ID,Course_Grade_Point,Overall_Grade,Warning
10001905,6.8999999999999995,E3,
10000636,12.672999999999998,C3,
10000656,5.772999999999999,F1,
10000662,7.589999999999999,E2,
10000663,5.911,F1,
10000667,13.443499999999998,C2,
10001222,10.453499999999998,D2,
10001241,10.844499999999998,D2,
10001250,2.9094999999999995,G1,
10001272,9.429999999999998,D3,
10001298,12.42,C3,
10001309,11.902499999999998,D1,
