Student_ID,Course_Grade_Point,Overall_Grade,Warning
10001880,12.8225,C3,
10001895,12.558,C3,
10001905,5.4624999999999995,F1,
10001916,6.555,E3,
10001919,12.235999999999999,C3,
10000628,5.094499999999999,F1,
10000649,11.315999999999999,D1,
10000655,11.200999999999999,D1,
10000656,6.1754999999999995,E3,
10000657,13.0985,C2,
10000662,5.106,F1,
10000692,13.8575,C2,
10000701,13.892,C2,
10001246,11.338999999999999,D1,
10001250,6.302,E3,
10001298,12.535,C3,
