Student_ID,Course_Grade_Point,Overall_Grade,Warning
10001905,3.2314999999999996,F3,
10001916,8.648,E1,
10000626,11.614999999999998,D1,
10000628,7.6819999999999995,E2,
10000656,6.739,E3,
10000662,9.062,D3,
10000667,10.683499999999999,D2,
10000673,11.327499999999999,D1,
10001222,11.04,D1,
10001250,9.6485,D3,
10001254,14.1565,C1,
