Student_ID,Course_Grade_Point,Overall_Grade,Warning
10001905,6.773499999999999,E3,
10001916,5.106,F1,
10000628,9.637,D3,
10000654,12.385499999999999,C3,
10000662,7.819999999999999,E2,
10000663,7.014999999999999,E2,
10000665,16.019499999999997,B2,
10000666,12.649999999999999,C3,
10001222,12.8915,C3,
10001250,7.819999999999999,E2,
10001254,13.754,C2,
10001309,11.867999999999999,D1,
