Student_ID,Course_Grade_Point,Overall_Grade,Warning
10000129,12.350999999999999,C3,
10000131,1.7479999999999998,G1,
10000132,11.971499999999999,D1,
10000142,4.393,F2,
10000161,7.923499999999999,E2,
10000166,8.8205,E1,
10000176,6.279,E3,
10000183,8.831999999999999,E1,
10000653,6.8885,E3,
10000704,7.382999999999999,E2,
10001307,8.947,E1,
