Student_ID,Course_Grade_Point,Overall_Grade,Warning
10000129,5.669499999999999,F1,
10000131,9.613999999999999,D3,
10000132,7.452,E2,
10000136,11.189499999999999,D1,
10000142,8.6135,E1,
10000160,3.151,F3,
10000161,4.853,F2,
10000165,2.8979999999999997,G1,
10000166,6.279,E3,
10000645,11.971499999999999,D1,
10000653,4.6,F2,
10000704,4.3469999999999995,F2,
10001257,9.878499999999999,D3,
10001307,15.409999999999998,B3,
