Student_ID,Course_Grade_Point,Overall_Grade,Warning
10000129,10.258,D2,
10000138,11.913999999999998,D1,
10000142,1.2075,G1,
10000148,6.072,E3,
10000151,9.982,D3,
10000160,4.968,F2,
10000161,7.359999999999999,E2,
10000165,6.279,E3,
10000176,8.1535,E1,
10000179,11.982999999999999,D1,
10000183,5.842,F1,
10000702,10.12,D2,
10000704,6.117999999999999,E3,
10001268,13.386,C2,
10001307,15.3985,B3,
