Student_ID,Course_Grade_Point,Overall_Grade,Warning
10000129,4.4159999999999995,F2,
10000134,14.064499999999999,C1,
10000148,11.166500000000001,D1,
10000160,6.002999999999999,E3,
10000161,1.5065,G1,
10000165,5.772999999999999,F1,
10000166,5.531499999999999,F1,
10000176,2.5414999999999996,G1,
10000183,0.253,G3,
10000653,5.842,F1,
10000702,11.200999999999999,D1,
10000704,2.6565,G1,
