Student_ID,Course_Grade_Point,Overall_Grade,Warning
10000129,10.096999999999998,D2,
10000130,14.927,C1,
10000132,5.1635,F1,
10000138,16.054,B2,
10000142,12.592499999999998,C3,
10000148,4.1514999999999995,F2,
10000183,10.787,D2,
10000653,4.4045,F2,
