Student_ID,Course_Grade_Point,Overall_Grade,Warning
10002183,6.2675,E3,
10002194,11.626499999999998,D1,
10002196,1.426,G1,
10002204,14.443999999999999,C1,
10002207,5.7844999999999995,F1,
10002209,15.846999999999998,B3,
10002212,10.8905,D2,
10002214,11.27,D1,
10002219,8.187999999999999,E1,
10002222,9.154,D3,
10002239,12.1785,C3,
10002252,6.7965,E3,
10002259,5.818999999999999,F1,
