Student_ID,Course_Grade_Point,Overall_Grade,Warning
10002169,7.2795,E2,
10002170,3.8409999999999997,F3,
10002183,3.0934999999999997,F3,
10002194,6.2215,E3,
10002196,6.198499999999999,E3,
10002201,8.234,E1,
10002207,5.3705,F1,
10002219,12.42,C3,
10002222,9.545,D3,
10002252,6.462999999999999,E3,
10002259,6.555,E3,
