Student_ID,Course_Grade_Point,Overall_Grade,Warning
10002190,11.614999999999998,D1,
10002241,3.105,F3,
10002242,12.0635,C3,
10002253,8.4065,E1,
10001560,6.4515,E3,
10001581,8.2915,E1,
10001595,3.6685,F3,
10001596,10.741,D2,
10001602,5.289999999999999,F1,
10001630,14.501499999999998,C1,
10001633,10.235,D2,
10001634,9.959,D3,
10001644,3.5765,F3,
10001648,14.363499999999998,C1,
10001660,4.0595,F2,
10001668,12.5235,C3,
10001669,5.911,F1,
