Student_ID,Course_Grade_Point,Overall_Grade,Warning
10002190,12.247499999999999,C3,
10002241,6.8309999999999995,E3,
10002254,14.2945,C1,
10001559,12.052,C3,
10001581,5.6465,F1,
10001595,3.0244999999999997,F3,
10001596,5.3475,F1,
10001602,4.5195,F2,
10001619,11.086,D1,
10001626,13.040999999999999,C2,
10001634,2.8979999999999997,G1,
10001644,8.0845,E1,
10001660,9.774999999999999,D3,
10001669,6.324999999999999,E3,
