Student_ID,Course_Grade_Point,Overall_Grade,Warning
10002229,8.924,E1,
10002241,7.566999999999999,E2,
10001560,9.545,D3,
10001578,13.202,C2,
10001581,9.084999999999999,D3,
10001589,12.0405,C3,
10001595,3.6914999999999996,F3,
10001596,8.866499999999998,E1,
10001602,10.626,D2,
10001605,11.603499999999999,D1,
10001634,7.7395,E2,
10001644,8.877999999999998,E1,
10001660,2.024,G1,
10001669,9.0505,D3,
