Student_ID,Course_Grade_Point,Overall_Grade,Warning
10001575,9.533499999999998,D3,
10001577,7.6705,E2,
10001579,11.591999999999999,D1,
10001635,12.029,C3,
10001640,8.498499999999998,E1,
10001676,12.592499999999998,C3,
