Student_ID,Course_Grade_Point,Overall_Grade,Warning
10002065,5.6579999999999995,F1,
10002081,5.5889999999999995,F1,
10002085,11.822,D1,
10002106,7.037999999999999,E2,
10002111,3.3005,F3,
10002117,5.7844999999999995,F1,
10002125,2.6679999999999997,G1,
10002126,6.6125,E3,
10002142,13.2135,C2,
