Student_ID,Course_Grade_Point,Overall_Grade,Warning
10002061,13.478,C2,
10002065,3.7834999999999996,F3,
10002080,9.878499999999999,D3,
10002081,3.4385,F3,
10002096,12.558,C3,
10002100,9.039,D3,
10002106,6.0489999999999995,E3,
10002111,5.5085,F1,
10002113,13.811499999999999,C2,
10002125,7.969499999999999,E2,
10002126,8.1305,E1,
10002138,9.591,D3,
