Student_ID,Course_Grade_Point,Overall_Grade,Warning
10002058,12.052,C3,
10002067,5.1175,F1,
10002115,5.427999999999999,F1,
10001438,6.095,E3,
10001453,2.093,G1,
10001455,5.8305,F1,
10001469,10.8905,D2,
10001482,6.462999999999999,E3,
10001486,16.145999999999997,B2,
10001495,12.811,C3,
10001531,1.1729999999999998,G1,
10001534,11.477,D1,
10001546,6.0489999999999995,E3,
