Student_ID,Course_Grade_Point,Overall_Grade,Warning
10002070,6.646999999999999,E3,
10002136,4.3469999999999995,F2,
10002155,4.3815,F2,
10002158,15.053499999999998,B3,
10001535,9.912999999999998,D3,
